{"paths":{},"types":[],"uuids":["92JC7zUflJSYhmJwoXl1Ln","92j+5IJ39EE5+d9IgyZqH4","9cIKas1QRD1LCAE7ExF/lq","dan+jjCvJGM7nz19QxLguC","08MYKKOHdOl5fxHF9FDuS1","9ebHaWt3JJI5i8Kicyq0Wt","ecpdLyjvZBwrvm+cedCcQy","f9z0/NaX9Mt41OA7Zyye3m"],"scenes":{"db://assets/LoadScene/LoadScene.fire":2},"redirect":[6,0],"deps":["internal"],"packs":{"097a58022":[4,2,5,7],"0a948a774":[0,1,3]},"name":"main","importBase":"import","nativeBase":"native","debug":false,"isZip":false,"encrypted":true,"versions":{"import":["097a58022","7a022","0a948a774","337c5"],"native":[0,"37a55",1,"0c535",3,"e0222"]}}