[1,["73ePfOBZZIrbKTl4fWvfbD"],0,[["sp.SkeletonData",["_name","_atlasText","textureNames","_skeletonJson","textures"],-1,3]],[[0,0,1,2,3,4,5]],[[0,"skeleton","\nskeleton.png\nsize: 1024,512\nformat: RGBA8888\nfilter: Linear,Linear\nrepeat: none\n7\n  rotate: true\n  xy: 2, 45\n  size: 168, 252\n  orig: 168, 252\n  offset: 0, 0\n  index: -1\n8\n  rotate: false\n  xy: 840, 246\n  size: 172, 238\n  orig: 172, 238\n  offset: 0, 0\n  index: -1\n9\n  rotate: true\n  xy: 256, 26\n  size: 177, 253\n  orig: 177, 253\n  offset: 0, 0\n  index: -1\nas1\n  rotate: true\n  xy: 2, 370\n  size: 114, 481\n  orig: 114, 481\n  offset: 0, 0\n  index: -1\nas3\n  rotate: true\n  xy: 2, 215\n  size: 153, 437\n  orig: 153, 437\n  offset: 0, 0\n  index: -1\nas4\n  rotate: true\n  xy: 485, 369\n  size: 115, 353\n  orig: 115, 353\n  offset: 0, 0\n  index: -1\nas5\n  rotate: true\n  xy: 511, 2\n  size: 201, 440\n  orig: 201, 440\n  offset: 0, 0\n  index: -1\nclub\n  rotate: false\n  xy: 441, 205\n  size: 363, 162\n  orig: 363, 162\n  offset: 0, 0\n  index: -1\n",["skeleton.png"],{"skeleton":{"hash":"+rH0HlMVj9A9OlI33WXdvWir/kM","spine":"3.7.93","width":363,"height":253,"images":"","audio":""},"bones":[{"name":"root"},{"name":"bone","parent":"root"},{"name":"bone2","parent":"root"},{"name":"bone3","parent":"root"},{"name":"bone4","parent":"root"},{"name":"bone5","parent":"root"},{"name":"bone12","parent":"bone5","length":222.99,"rotation":111.44,"x":32.46,"y":-189.33},{"name":"bone6","parent":"root"},{"name":"bone7","parent":"root"},{"name":"bone9","parent":"root"},{"name":"bone11","parent":"bone4","length":235.15,"rotation":86.71,"x":12.01,"y":-189.33},{"name":"bone14","parent":"bone6","length":236.66,"rotation":84.69,"x":-12.28,"y":-129.51},{"name":"bone15","parent":"bone7","length":245.54,"rotation":72.1,"x":-55.54,"y":-192.47},{"name":"bone16","parent":"root"},{"name":"bone10","parent":"root"},{"name":"bone13","parent":"root"},{"name":"bone17","parent":"root"},{"name":"bone18","parent":"root"}],"slots":[{"name":"7","bone":"bone","attachment":"7"},{"name":"12","bone":"bone17","blend":"additive"},{"name":"8","bone":"bone2","attachment":"8"},{"name":"11","bone":"bone13","blend":"additive"},{"name":"9","bone":"bone3","attachment":"9"},{"name":"10","bone":"bone10","blend":"additive"},{"name":"as1","bone":"bone11","blend":"additive"},{"name":"as3","bone":"bone12","blend":"additive"},{"name":"as4","bone":"bone14","blend":"additive"},{"name":"as5","bone":"bone15","blend":"additive"},{"name":"club","bone":"bone9","attachment":"club"},{"name":"club2","bone":"bone16","blend":"additive"},{"name":"club3","bone":"bone18","blend":"additive"}],"skins":{"default":{"7":{"7":{"width":168,"height":252}},"8":{"8":{"width":172,"height":238}},"9":{"9":{"x":0.5,"y":0.5,"width":177,"height":253}},"10":{"9":{"x":0.5,"y":0.5,"width":177,"height":253}},"11":{"8":{"width":172,"height":238}},"12":{"7":{"width":168,"height":252}},"as1":{"as1":{"x":189.83,"y":12.01,"rotation":-90,"width":114,"height":481}},"as3":{"as3":{"x":192.5,"y":-0.41,"rotation":-99.68,"width":153,"height":437}},"as4":{"as4":{"x":130.64,"y":-0.68,"rotation":-84.69,"width":115,"height":353}},"as5":{"as5":{"x":200.38,"y":5.82,"rotation":-72.1,"width":201,"height":440}},"club":{"club":{"x":0.5,"width":363,"height":162}},"club2":{"club":{"x":0.5,"width":363,"height":162}},"club3":{"club":{"x":0.5,"width":363,"height":162}}}},"animations":{"anim2":{"slots":{"7":{"attachment":[{"time":0.3,"name":null},{"time":0.3333,"name":"7"}]},"8":{"attachment":[{"time":0.4333,"name":null},{"time":0.4667,"name":"8"}]},"9":{"attachment":[{"time":0.5667,"name":null},{"time":0.6,"name":"9"}]},"10":{"color":[{"time":0.5667,"color":"ffffffff"},{"time":0.7,"color":"ffffff00"}],"attachment":[{"time":0.5667,"name":"9"}]},"11":{"color":[{"time":0.4333,"color":"ffffffff"},{"time":0.6333,"color":"ffffff00"}],"attachment":[{"time":0.4333,"name":"8"}]},"12":{"color":[{"time":0.3,"color":"ffffffff"},{"time":0.5,"color":"ffffff00"}],"attachment":[{"time":0.3,"name":"7"}]},"club2":{"attachment":[{"time":0.1667,"name":"club"},{"time":0.3333,"name":null},{"time":0.5,"name":"club"}]}},"bones":{"bone":{"translate":[{"time":0,"x":-116.83,"y":-55.98},{"time":0.1,"x":-116.83,"y":7.3,"curve":"stepped"},{"time":0.2,"x":-116.83,"y":7.3},{"time":0.3,"x":-116.83,"y":-55.98}],"scale":[{"time":0,"x":1,"y":1},{"time":0.1,"x":1.2,"y":1.2},{"time":0.2,"x":1.5,"y":1.2},{"time":0.3,"x":1,"y":1},{"time":0.4,"x":1.2,"y":1},{"time":0.5,"x":1,"y":1}]},"bone2":{"translate":[{"time":0,"x":0,"y":21.91,"curve":"stepped"},{"time":0.1333,"x":0,"y":21.91},{"time":0.2333,"x":0,"y":85.19,"curve":"stepped"},{"time":0.3333,"x":0,"y":85.19},{"time":0.4333,"x":0,"y":21.91}],"scale":[{"time":0.1333,"x":1,"y":1},{"time":0.2333,"x":1.2,"y":1.2},{"time":0.3333,"x":1.5,"y":1.2},{"time":0.4333,"x":1,"y":1},{"time":0.5333,"x":1.2,"y":1},{"time":0.6333,"x":1,"y":1}]},"bone3":{"translate":[{"time":0,"x":126.57,"y":43.81,"curve":"stepped"},{"time":0.2667,"x":126.57,"y":43.81},{"time":0.3667,"x":126.57,"y":90.06,"curve":"stepped"},{"time":0.4667,"x":126.57,"y":90.06},{"time":0.5667,"x":126.57,"y":43.81}],"scale":[{"time":0.2667,"x":1,"y":1},{"time":0.3667,"x":1.2,"y":1.2},{"time":0.4667,"x":1.5,"y":1.2},{"time":0.5667,"x":1,"y":1},{"time":0.6333,"x":1.2,"y":1},{"time":0.7,"x":1,"y":1}]},"bone9":{"translate":[{"time":0,"x":31.64,"y":-113.28}]},"bone10":{"translate":[{"time":0,"x":126.57,"y":0},{"time":0.5667,"x":126.57,"y":43.81}]},"bone17":{"translate":[{"time":0.3,"x":-116.83,"y":-55.98}]},"bone13":{"translate":[{"time":0.4333,"x":0,"y":21.91}]},"bone16":{"translate":[{"time":0.1667,"x":31.64,"y":-113.28}]}}},"dismiss":{"slots":{"7":{"color":[{"time":0,"color":"ffffffff"},{"time":0.1667,"color":"ffffffc6"},{"time":0.3333,"color":"ffffff00"}]},"8":{"color":[{"time":0,"color":"ffffffff"},{"time":0.1667,"color":"ffffffbd"},{"time":0.3333,"color":"ffffff00"}]},"9":{"color":[{"time":0,"color":"ffffffff"},{"time":0.1667,"color":"ffffffa3"},{"time":0.3333,"color":"ffffff00"}]},"as1":{"attachment":[{"time":0,"name":"as1"}]},"as3":{"attachment":[{"time":0,"name":"as3"}]},"as4":{"attachment":[{"time":0,"name":"as4"}]},"as5":{"attachment":[{"time":0,"name":"as5"}]},"club":{"color":[{"time":0,"color":"ffffffff"},{"time":0.3333,"color":"ffffff00"}]}},"bones":{"bone":{"translate":[{"time":0,"x":-116.83,"y":-55.98},{"time":0.1667,"x":-116.83,"y":76.9},{"time":0.3333,"x":-116.83,"y":306.42}],"scale":[{"time":0,"x":1,"y":1},{"time":0.3333,"x":1,"y":0.5}]},"bone3":{"translate":[{"time":0,"x":126.57,"y":43.81},{"time":0.1667,"x":125.88,"y":80.18},{"time":0.3333,"x":144.52,"y":305}],"scale":[{"time":0,"x":1,"y":1},{"time":0.3333,"x":1,"y":0.5}]},"bone9":{"translate":[{"time":0,"x":31.64,"y":-113.28},{"time":0.3333,"x":31.64,"y":-301.73}]},"bone11":{"rotate":[{"time":0,"angle":3.29},{"time":0.5,"angle":60.87},{"time":1,"angle":3.29},{"time":1.5,"angle":-55.43},{"time":2,"angle":3.29},{"time":2.5,"angle":60.87},{"time":3,"angle":3.29},{"time":3.5,"angle":-55.43},{"time":4,"angle":3.29}],"translate":[{"time":0,"x":351.02,"y":20.45}]},"bone12":{"rotate":[{"time":0,"angle":0},{"time":0.5,"angle":-71.48},{"time":1,"angle":0},{"time":1.5,"angle":44.51},{"time":2,"angle":0},{"time":2.5,"angle":-71.48},{"time":3,"angle":0},{"time":3.5,"angle":44.51},{"time":4,"angle":0}],"translate":[{"time":0,"x":-224.5,"y":17.81}]},"bone14":{"rotate":[{"time":0,"angle":0},{"time":0.5,"angle":49.6},{"time":1,"angle":0},{"time":1.5,"angle":-37.8},{"time":2,"angle":0},{"time":2.5,"angle":49.6},{"time":3,"angle":0},{"time":3.5,"angle":-42.67},{"time":4,"angle":0}],"translate":[{"time":0,"x":-374.84,"y":-97.36}]},"bone15":{"rotate":[{"time":0,"angle":0},{"time":0.5,"angle":-39.61},{"time":1,"angle":0},{"time":1.5,"angle":77.59},{"time":2,"angle":0},{"time":2.5,"angle":-40.2},{"time":3,"angle":0},{"time":3.5,"angle":65.77},{"time":4,"angle":0}],"translate":[{"time":0,"x":216.63,"y":-48.68}],"scale":[{"time":0,"x":0.8,"y":0.8}]},"bone2":{"translate":[{"time":0,"x":0,"y":21.91},{"time":0.1667,"x":0,"y":77.47},{"time":0.3333,"x":0,"y":297.33}],"scale":[{"time":0,"x":1,"y":1},{"time":0.3333,"x":1,"y":0.5}]},"bone10":{"scale":[{"time":3.6667,"x":2,"y":2},{"time":3.8667,"x":4,"y":4}]},"bone13":{"scale":[{"time":3.6667,"x":2,"y":2},{"time":3.8667,"x":4,"y":4}]},"bone17":{"scale":[{"time":3.6667,"x":2,"y":2},{"time":3.8667,"x":4,"y":4}]},"bone18":{"scale":[{"time":3.6667,"x":2,"y":2},{"time":3.8667,"x":4,"y":4}]}}},"loading":{"slots":{"7":{"attachment":[{"time":0,"name":null},{"time":0.6667,"name":"7"}]},"8":{"attachment":[{"time":0,"name":null},{"time":1.1333,"name":"8"}]},"9":{"attachment":[{"time":0,"name":null},{"time":1.6,"name":"9"}]},"10":{"color":[{"time":2.0667,"color":"ffffffff"},{"time":2.3333,"color":"ffffff00"}],"attachment":[{"time":2.0667,"name":"9"}]},"11":{"color":[{"time":2.0667,"color":"ffffffff"},{"time":2.3333,"color":"ffffff00"}],"attachment":[{"time":2.0667,"name":"8"}]},"12":{"color":[{"time":2.0667,"color":"ffffffff"},{"time":2.3333,"color":"ffffff00"}],"attachment":[{"time":2.0667,"name":"7"},{"time":4,"name":null}]},"as1":{"attachment":[{"time":0,"name":"as1"}]},"as3":{"attachment":[{"time":0,"name":"as3"}]},"as4":{"attachment":[{"time":0,"name":"as4"}]},"as5":{"attachment":[{"time":0,"name":"as5"}]},"club2":{"color":[{"time":0.3333,"color":"ffffffff"},{"time":0.6667,"color":"ffffff00"}],"attachment":[{"time":0.3333,"name":"club"},{"time":2.3333,"name":null}]},"club3":{"color":[{"time":0.3333,"color":"ffffffff"},{"time":0.6667,"color":"ffffff00"},{"time":2.0667,"color":"ffffffff"},{"time":2.3333,"color":"ffffff00"}],"attachment":[{"time":0.3333,"name":"club"},{"time":0.6667,"name":null},{"time":2.0667,"name":"club"}]}},"bones":{"bone":{"translate":[{"time":0.6667,"x":-116.83,"y":328.59},{"time":0.8667,"x":-116.83,"y":-53.55},{"time":1,"x":-116.83,"y":0},{"time":1.1333,"x":-116.83,"y":-55.98}],"scale":[{"time":0.6667,"x":0.1,"y":0.1},{"time":0.8667,"x":1.3,"y":1},{"time":1,"x":1,"y":1}]},"bone3":{"translate":[{"time":1.6,"x":126.57,"y":331.02},{"time":1.8,"x":126.57,"y":48.68},{"time":1.9333,"x":126.57,"y":77.89},{"time":2.0667,"x":126.57,"y":43.81}],"scale":[{"time":1.6,"x":0.1,"y":0.1},{"time":1.8,"x":1.3,"y":1},{"time":1.9333,"x":1,"y":1}]},"bone9":{"translate":[{"time":0,"x":31.64,"y":-113.28}],"scale":[{"time":0,"x":0.1,"y":0.1},{"time":0.3333,"x":1.2,"y":1.2},{"time":0.6667,"x":1,"y":1}]},"bone11":{"rotate":[{"time":0,"angle":3.29},{"time":0.5,"angle":60.87},{"time":1,"angle":3.29},{"time":1.5,"angle":-55.43},{"time":2,"angle":3.29},{"time":2.5,"angle":60.87},{"time":3,"angle":3.29},{"time":3.5,"angle":-55.43},{"time":4,"angle":3.29}],"translate":[{"time":0,"x":351.02,"y":20.45}]},"bone12":{"rotate":[{"time":0,"angle":0},{"time":0.5,"angle":-71.48},{"time":1,"angle":0},{"time":1.5,"angle":44.51},{"time":2,"angle":0},{"time":2.5,"angle":-71.48},{"time":3,"angle":0},{"time":3.5,"angle":44.51},{"time":4,"angle":0}],"translate":[{"time":0,"x":-224.5,"y":17.81}]},"bone14":{"rotate":[{"time":0,"angle":0},{"time":0.5,"angle":49.6},{"time":1,"angle":0},{"time":1.5,"angle":-37.8},{"time":2,"angle":0},{"time":2.5,"angle":49.6},{"time":3,"angle":0},{"time":3.5,"angle":-42.67},{"time":4,"angle":0}],"translate":[{"time":0,"x":-374.84,"y":-97.36}]},"bone15":{"rotate":[{"time":0,"angle":0},{"time":0.5,"angle":-39.61},{"time":1,"angle":0},{"time":1.5,"angle":77.59},{"time":2,"angle":0},{"time":2.5,"angle":-40.2},{"time":3,"angle":0},{"time":3.5,"angle":65.77},{"time":4,"angle":0}],"translate":[{"time":0,"x":216.63,"y":-48.68}],"scale":[{"time":0,"x":0.8,"y":0.8}]},"bone16":{"translate":[{"time":0,"x":31.64,"y":-113.28}],"scale":[{"time":0,"x":0.1,"y":0.1},{"time":0.3333,"x":1.2,"y":1.2},{"time":0.6667,"x":3,"y":3}]},"bone2":{"translate":[{"time":1.1333,"x":0,"y":340.76},{"time":1.3333,"x":0,"y":26.77},{"time":1.4667,"x":0,"y":60.85},{"time":1.6,"x":0,"y":21.91}],"scale":[{"time":1.1333,"x":0.1,"y":0.1},{"time":1.3333,"x":1.3,"y":1},{"time":1.4667,"x":1,"y":1}]},"bone10":{"translate":[{"time":1.6,"x":126.57,"y":331.02},{"time":1.8,"x":126.57,"y":48.68},{"time":1.9333,"x":126.57,"y":77.89},{"time":2.0667,"x":126.57,"y":43.81}],"scale":[{"time":1.6,"x":0.1,"y":0.1},{"time":1.8,"x":1.3,"y":1},{"time":1.9333,"x":1,"y":1,"curve":"stepped"},{"time":2.0667,"x":1,"y":1},{"time":2.3333,"x":1.5,"y":1.5},{"time":3.6667,"x":2,"y":2},{"time":3.8667,"x":4,"y":4}]},"bone13":{"translate":[{"time":1.1333,"x":0,"y":340.76},{"time":1.3333,"x":0,"y":26.77},{"time":1.4667,"x":0,"y":60.85},{"time":1.6,"x":0,"y":21.91}],"scale":[{"time":1.1333,"x":0.1,"y":0.1},{"time":1.3333,"x":1.3,"y":1},{"time":1.4667,"x":1,"y":1,"curve":"stepped"},{"time":2.0667,"x":1,"y":1},{"time":2.3333,"x":1.5,"y":1.5},{"time":3.6667,"x":2,"y":2},{"time":3.8667,"x":4,"y":4}]},"bone17":{"translate":[{"time":0.6667,"x":-116.83,"y":328.59},{"time":0.8667,"x":-116.83,"y":-53.55},{"time":1,"x":-116.83,"y":0},{"time":1.1333,"x":-116.83,"y":-55.98}],"scale":[{"time":0.6667,"x":0.1,"y":0.1},{"time":0.8667,"x":1.3,"y":1},{"time":1,"x":1,"y":1,"curve":"stepped"},{"time":2.0667,"x":1,"y":1},{"time":2.3333,"x":1.5,"y":1.5},{"time":3.6667,"x":2,"y":2},{"time":3.8667,"x":4,"y":4}]},"bone18":{"translate":[{"time":0,"x":31.64,"y":-113.28}],"scale":[{"time":0,"x":0.1,"y":0.1},{"time":0.3333,"x":1.2,"y":1.2},{"time":0.6667,"x":3,"y":3},{"time":2.0667,"x":1,"y":1},{"time":2.3333,"x":1.5,"y":1.5},{"time":3.6667,"x":2,"y":2},{"time":3.8667,"x":4,"y":4}]}}},"loop":{"slots":{"10":{"color":[{"time":0,"color":"ffffffff"},{"time":0.3333,"color":"ffffff00"}],"attachment":[{"time":0,"name":"9"}]},"11":{"color":[{"time":0,"color":"ffffffff"},{"time":0.3333,"color":"ffffff00"}],"attachment":[{"time":0,"name":"8"}]},"12":{"color":[{"time":0,"color":"ffffffff"},{"time":0.3333,"color":"ffffff00"}],"attachment":[{"time":0,"name":"7"},{"time":4,"name":null}]},"as1":{"attachment":[{"time":0,"name":"as1"}]},"as3":{"attachment":[{"time":0,"name":"as3"}]},"as4":{"attachment":[{"time":0,"name":"as4"}]},"as5":{"attachment":[{"time":0,"name":"as5"}]},"club3":{"color":[{"time":0,"color":"ffffffff"},{"time":0.3333,"color":"ffffff00"}],"attachment":[{"time":0,"name":"club"}]}},"bones":{"bone":{"translate":[{"time":0,"x":-116.83,"y":-55.98}]},"bone3":{"translate":[{"time":0,"x":126.57,"y":43.81}]},"bone9":{"translate":[{"time":0,"x":31.64,"y":-113.28}]},"bone11":{"rotate":[{"time":0,"angle":3.29},{"time":0.5,"angle":60.87},{"time":1,"angle":3.29},{"time":1.5,"angle":-55.43},{"time":2,"angle":3.29},{"time":2.5,"angle":60.87},{"time":3,"angle":3.29},{"time":3.5,"angle":-55.43},{"time":4,"angle":3.29}],"translate":[{"time":0,"x":351.02,"y":20.45}]},"bone12":{"rotate":[{"time":0,"angle":0},{"time":0.5,"angle":-71.48},{"time":1,"angle":0},{"time":1.5,"angle":44.51},{"time":2,"angle":0},{"time":2.5,"angle":-71.48},{"time":3,"angle":0},{"time":3.5,"angle":44.51},{"time":4,"angle":0}],"translate":[{"time":0,"x":-224.5,"y":17.81}]},"bone14":{"rotate":[{"time":0,"angle":0},{"time":0.5,"angle":49.6},{"time":1,"angle":0},{"time":1.5,"angle":-37.8},{"time":2,"angle":0},{"time":2.5,"angle":49.6},{"time":3,"angle":0},{"time":3.5,"angle":-42.67},{"time":4,"angle":0}],"translate":[{"time":0,"x":-374.84,"y":-97.36}]},"bone15":{"rotate":[{"time":0,"angle":0},{"time":0.5,"angle":-39.61},{"time":1,"angle":0},{"time":1.5,"angle":77.59},{"time":2,"angle":0},{"time":2.5,"angle":-40.2},{"time":3,"angle":0},{"time":3.5,"angle":65.77},{"time":4,"angle":0}],"translate":[{"time":0,"x":216.63,"y":-48.68}],"scale":[{"time":0,"x":0.8,"y":0.8}]},"bone2":{"translate":[{"time":0,"x":0,"y":21.91}]},"bone10":{"translate":[{"time":0,"x":126.57,"y":43.81},{"time":0.3333,"x":126.57,"y":77.89}],"scale":[{"time":0,"x":1,"y":1},{"time":0.3333,"x":1.5,"y":1.5},{"time":3.6667,"x":2,"y":2},{"time":3.8667,"x":4,"y":4}]},"bone13":{"translate":[{"time":0,"x":0,"y":21.91}],"scale":[{"time":0,"x":1,"y":1},{"time":0.3333,"x":1.5,"y":1.5},{"time":3.6667,"x":2,"y":2},{"time":3.8667,"x":4,"y":4}]},"bone17":{"translate":[{"time":0,"x":-116.83,"y":-55.98},{"time":0.3333,"x":-116.83,"y":0}],"scale":[{"time":0,"x":1,"y":1},{"time":0.3333,"x":1.5,"y":1.5},{"time":3.6667,"x":2,"y":2},{"time":3.8667,"x":4,"y":4}]},"bone18":{"translate":[{"time":0,"x":31.64,"y":-113.28}],"scale":[{"time":0,"x":1,"y":1},{"time":0.3333,"x":1.5,"y":1.5},{"time":3.6667,"x":2,"y":2},{"time":3.8667,"x":4,"y":4}]}}}}},[0]]],0,0,[0],[-1],[0]]